{
  "timestamp": 1749643297.3352113,
  "metrics": {
    "mathematical_compliance": true,
    "rby_processing_active": true,
    "hpc_scalability_score": 0.07272727272727267,
    "energy_efficiency": 0.125,
    "meta_learning_convergence": true,
    "attention_enhancement_factor": 5.553761005401611,
    "quantum_optimization_score": 0.8907979915747407,
    "gpu_acceleration_speedup": 1.0,
    "overall_system_score": 0.7610656580377517,
    "execution_time": 0.08806824684143066
  }
}